tnxtimestamp,processid,productid,department,lotid,quantity,status
2025-01-01 01:29:00,PRC27NN,P200,photo,LOT9849,252,wait
2025-01-01 02:11:00,PRC18NN,P100,cmp,LOT7715,160,run
2025-01-01 04:36:00,PRC18NN,P100,cvd,LOT9556,162,run
2025-01-01 09:03:00,PRC16NN,P400,cmp,LOT3145,66,run
2025-01-01 18:29:00,PRC18NN,P400,cvd,LOT7774,119,hold
2025-01-01 23:49:00,PRC16NN,P500,thin,LOT3406,233,hold
2025-01-02 04:33:00,PRC02NN,P500,thin,LOT2858,56,hold
2025-01-02 05:47:00,PRC04NN,P400,photo,LOT2871,90,shipped
2025-01-02 07:33:00,PRC02NN,P100,endfab,LOT9772,23,shipped
2025-01-02 08:35:00,PRC27NN,P500,cvd,LOT7629,82,wait
2025-01-02 09:55:00,PRC16NN,P500,cvd,LOT3769,26,shipped
2025-01-02 10:42:00,PRC02NN,P500,photo,LOT2986,271,shipped
2025-01-02 12:18:00,PRC16NN,P500,cvd,LOT8447,13,hold
2025-01-02 14:24:00,PRC18NN,P400,endfab,LOT4110,42,hold
2025-01-02 20:10:00,PRC27NN,P500,endfab,LOT9530,130,run
2025-01-02 21:13:00,PRC18NN,P500,cvd,LOT2330,213,wait
2025-01-03 02:18:00,PRC27NN,P100,diff,LOT7198,260,run
2025-01-03 03:46:00,PRC04NN,P300,cvd,LOT4850,106,wait
2025-01-03 12:10:00,PRC16NN,P300,photo,LOT8793,214,hold
2025-01-03 22:36:00,PRC04NN,P300,cvd,LOT1296,253,hold
2025-01-04 04:16:00,PRC02NN,P300,cmp,LOT4293,261,shipped
2025-01-04 05:57:00,PRC02NN,P100,photo,LOT2775,180,run
2025-01-04 13:55:00,PRC02NN,P500,thin,LOT7290,35,shipped
2025-01-04 19:06:00,PRC04NN,P100,diff,LOT3040,248,wait
2025-01-04 22:26:00,PRC27NN,P400,cmp,LOT2879,13,shipped
2025-01-04 23:04:00,PRC16NN,P200,endfab,LOT4566,96,wait
2025-01-05 02:07:00,PRC27NN,P100,photo,LOT8355,155,wait
2025-01-05 02:35:00,PRC04NN,P300,cvd,LOT6254,218,wait
2025-01-05 03:31:00,PRC04NN,P400,photo,LOT4281,43,run
2025-01-05 14:29:00,PRC04NN,P100,cvd,LOT8488,291,run
2025-01-05 20:24:00,PRC27NN,P200,photo,LOT2211,57,hold
2025-01-05 20:58:00,PRC27NN,P200,cvd,LOT3821,95,run
2025-01-06 01:42:00,PRC04NN,P400,thin,LOT2463,239,shipped
2025-01-06 14:14:00,PRC27NN,P400,diff,LOT5203,122,wait
2025-01-06 14:38:00,PRC27NN,P300,diff,LOT3507,201,run
2025-01-07 04:06:00,PRC04NN,P200,photo,LOT7079,157,wait
2025-01-07 23:19:00,PRC18NN,P500,endfab,LOT6932,145,run
2025-01-08 10:30:00,PRC27NN,P400,diff,LOT2962,246,shipped
2025-01-09 01:09:00,PRC16NN,P500,photo,LOT3683,182,hold
2025-01-09 03:30:00,PRC04NN,P300,thin,LOT8877,124,run
2025-01-09 03:57:00,PRC16NN,P400,photo,LOT3436,242,hold
2025-01-09 09:17:00,PRC04NN,P200,cmp,LOT5977,144,shipped
2025-01-09 09:37:00,PRC02NN,P500,endfab,LOT4883,284,hold
2025-01-09 17:15:00,PRC04NN,P500,cmp,LOT8800,269,shipped
2025-01-10 00:48:00,PRC04NN,P100,photo,LOT3602,238,wait
2025-01-10 14:07:00,PRC02NN,P300,thin,LOT5062,83,hold
2025-01-10 18:39:00,PRC16NN,P500,diff,LOT3346,284,run
2025-01-10 19:00:00,PRC27NN,P200,thin,LOT3395,120,run
2025-01-10 20:18:00,PRC04NN,P400,endfab,LOT1630,290,shipped
2025-01-10 23:42:00,PRC04NN,P100,cmp,LOT4303,136,wait
2025-01-11 03:07:00,PRC27NN,P100,diff,LOT9925,221,run
2025-01-11 04:48:00,PRC27NN,P100,cvd,LOT5784,284,shipped
2025-01-11 12:33:00,PRC16NN,P200,cvd,LOT9362,297,run
2025-01-11 17:03:00,PRC27NN,P400,cmp,LOT3396,57,run
2025-01-12 02:03:00,PRC27NN,P400,photo,LOT7351,295,run
2025-01-12 05:54:00,PRC27NN,P100,diff,LOT7303,272,hold
2025-01-12 07:40:00,PRC27NN,P100,diff,LOT4772,60,run
2025-01-12 07:52:00,PRC18NN,P200,cmp,LOT4958,113,hold
2025-01-12 09:03:00,PRC18NN,P400,cvd,LOT5607,26,shipped
2025-01-12 15:42:00,PRC04NN,P400,cmp,LOT8748,124,shipped
2025-01-12 16:29:00,PRC18NN,P500,cvd,LOT4227,205,wait
2025-01-12 18:55:00,PRC02NN,P400,endfab,LOT9389,245,shipped
2025-01-12 21:04:00,PRC04NN,P200,cmp,LOT3865,161,hold
2025-01-12 23:27:00,PRC02NN,P500,cvd,LOT4404,256,shipped
2025-01-13 13:41:00,PRC18NN,P300,diff,LOT7744,274,shipped
2025-01-14 05:15:00,PRC27NN,P100,diff,LOT8414,181,run
2025-01-14 09:37:00,PRC02NN,P200,thin,LOT1702,84,wait
2025-01-14 10:06:00,PRC04NN,P300,thin,LOT3072,75,run
2025-01-14 12:50:00,PRC04NN,P200,cvd,LOT7956,237,shipped
2025-01-15 05:07:00,PRC16NN,P400,diff,LOT8893,98,hold
2025-01-15 05:24:00,PRC02NN,P400,diff,LOT6024,60,wait
2025-01-15 11:28:00,PRC27NN,P300,photo,LOT7024,24,run
2025-01-15 20:33:00,PRC16NN,P500,cmp,LOT4408,241,hold
2025-01-15 20:55:00,PRC02NN,P100,thin,LOT5633,232,wait
2025-01-15 21:58:00,PRC04NN,P100,diff,LOT6607,184,wait
2025-01-15 21:58:00,PRC18NN,P500,photo,LOT5132,58,hold
2025-01-15 22:18:00,PRC04NN,P500,endfab,LOT5971,23,shipped
2025-01-16 04:53:00,PRC04NN,P100,thin,LOT6735,234,run
2025-01-16 07:05:00,PRC27NN,P400,cvd,LOT2634,41,shipped
2025-01-16 09:22:00,PRC04NN,P200,cmp,LOT5112,276,hold
2025-01-16 12:32:00,PRC04NN,P500,thin,LOT7653,179,shipped
2025-01-16 18:08:00,PRC02NN,P300,endfab,LOT9614,48,shipped
2025-01-17 02:06:00,PRC18NN,P400,cmp,LOT9379,175,shipped
2025-01-17 02:57:00,PRC16NN,P500,photo,LOT1886,66,hold
2025-01-17 05:11:00,PRC16NN,P100,cvd,LOT5198,85,wait
2025-01-17 10:34:00,PRC16NN,P200,endfab,LOT7301,195,wait
2025-01-17 13:54:00,PRC02NN,P500,cmp,LOT4631,188,shipped
2025-01-17 15:38:00,PRC04NN,P200,photo,LOT4816,240,run
2025-01-18 04:29:00,PRC16NN,P100,thin,LOT1849,149,run
2025-01-18 09:20:00,PRC02NN,P100,endfab,LOT9280,258,run
2025-01-18 09:42:00,PRC18NN,P500,cmp,LOT2858,187,wait
2025-01-18 09:44:00,PRC27NN,P300,cvd,LOT6497,291,shipped
2025-01-18 10:59:00,PRC16NN,P500,thin,LOT9770,35,hold
2025-01-19 03:28:00,PRC27NN,P200,cvd,LOT5558,197,run
2025-01-19 09:19:00,PRC02NN,P200,endfab,LOT7411,53,wait
2025-01-19 19:29:00,PRC04NN,P100,photo,LOT5901,265,hold
2025-01-19 21:50:00,PRC02NN,P200,endfab,LOT4536,172,shipped
2025-01-20 01:33:00,PRC16NN,P100,cvd,LOT8678,26,hold
2025-01-20 06:33:00,PRC27NN,P300,thin,LOT9054,259,hold
2025-01-20 06:39:00,PRC04NN,P500,photo,LOT9056,66,shipped
2025-01-20 12:59:00,PRC16NN,P100,photo,LOT9282,179,hold
2025-01-20 14:31:00,PRC27NN,P100,endfab,LOT8891,233,wait
2025-01-20 17:52:00,PRC02NN,P100,endfab,LOT4743,48,wait
2025-01-20 20:09:00,PRC04NN,P300,diff,LOT8124,94,hold
2025-01-20 20:15:00,PRC04NN,P200,cmp,LOT5704,184,hold
2025-01-21 02:03:00,PRC18NN,P400,cmp,LOT5119,53,run
2025-01-21 09:33:00,PRC27NN,P100,diff,LOT9094,254,wait
2025-01-21 11:57:00,PRC16NN,P200,diff,LOT7458,105,wait
2025-01-21 20:08:00,PRC27NN,P100,thin,LOT3191,61,hold
2025-01-22 02:00:00,PRC04NN,P300,endfab,LOT1091,95,run
2025-01-22 03:29:00,PRC27NN,P400,photo,LOT6504,117,hold
2025-01-22 03:50:00,PRC27NN,P200,diff,LOT5556,126,wait
2025-01-22 07:33:00,PRC18NN,P500,thin,LOT5841,247,run
2025-01-22 08:23:00,PRC02NN,P200,cvd,LOT1341,101,run
2025-01-22 09:43:00,PRC18NN,P100,photo,LOT4105,217,wait
2025-01-22 12:06:00,PRC27NN,P100,diff,LOT9319,183,hold
2025-01-22 16:45:00,PRC16NN,P200,cvd,LOT5344,89,wait
2025-01-22 20:25:00,PRC02NN,P100,cmp,LOT7130,121,run
2025-01-22 22:46:00,PRC02NN,P300,diff,LOT3078,134,shipped
2025-01-22 22:57:00,PRC18NN,P400,endfab,LOT1812,42,wait
2025-01-22 23:48:00,PRC04NN,P200,diff,LOT6857,270,shipped
2025-01-23 02:28:00,PRC02NN,P100,cvd,LOT8095,186,wait
2025-01-23 04:07:00,PRC16NN,P500,diff,LOT1076,70,wait
2025-01-23 06:09:00,PRC16NN,P500,diff,LOT4240,92,shipped
2025-01-23 07:21:00,PRC02NN,P400,diff,LOT3956,158,hold
2025-01-23 10:51:00,PRC16NN,P200,photo,LOT9124,87,run
2025-01-23 17:42:00,PRC04NN,P400,thin,LOT5389,273,shipped
2025-01-23 19:18:00,PRC18NN,P400,thin,LOT3206,241,wait
2025-01-24 06:36:00,PRC16NN,P200,diff,LOT3084,251,hold
2025-01-24 11:51:00,PRC04NN,P400,diff,LOT5296,267,hold
2025-01-24 16:55:00,PRC27NN,P100,cvd,LOT1072,47,wait
2025-01-24 17:48:00,PRC18NN,P500,cmp,LOT5105,118,wait
2025-01-24 21:05:00,PRC27NN,P100,endfab,LOT7315,94,wait
2025-01-24 23:43:00,PRC04NN,P100,cmp,LOT3977,115,shipped
2025-01-25 00:53:00,PRC04NN,P100,photo,LOT4415,99,wait
2025-01-25 03:43:00,PRC18NN,P400,cmp,LOT2236,278,hold
2025-01-25 04:32:00,PRC27NN,P400,endfab,LOT5587,264,hold
2025-01-25 06:56:00,PRC27NN,P400,diff,LOT7588,98,run
2025-01-25 07:15:00,PRC16NN,P200,cvd,LOT7686,219,shipped
2025-01-25 07:16:00,PRC18NN,P200,photo,LOT3853,243,hold
2025-01-25 08:17:00,PRC27NN,P100,thin,LOT1762,175,wait
2025-01-26 03:39:00,PRC16NN,P100,thin,LOT7519,136,run
2025-01-26 06:10:00,PRC18NN,P100,photo,LOT7220,165,hold
2025-01-26 08:16:00,PRC04NN,P400,cvd,LOT4064,192,shipped
2025-01-26 13:09:00,PRC27NN,P500,cmp,LOT1501,206,shipped
2025-01-26 22:45:00,PRC27NN,P100,cmp,LOT6866,115,wait
2025-01-27 05:11:00,PRC16NN,P100,photo,LOT4670,56,wait
2025-01-27 06:44:00,PRC02NN,P300,endfab,LOT7845,109,hold
2025-01-27 10:00:00,PRC04NN,P100,cmp,LOT7612,81,hold
2025-01-27 10:11:00,PRC16NN,P500,thin,LOT8325,207,shipped
2025-01-27 13:19:00,PRC04NN,P100,diff,LOT5742,160,shipped
2025-01-27 21:36:00,PRC18NN,P300,thin,LOT9252,68,hold
2025-01-28 00:34:00,PRC27NN,P300,thin,LOT4661,176,shipped
2025-01-28 00:41:00,PRC18NN,P500,cmp,LOT2272,187,run
2025-01-28 06:45:00,PRC16NN,P300,diff,LOT5365,299,wait
2025-01-28 07:49:00,PRC16NN,P200,photo,LOT1271,194,wait
2025-01-28 19:32:00,PRC16NN,P100,diff,LOT8883,127,hold
2025-01-28 23:10:00,PRC04NN,P200,thin,LOT5092,137,wait
2025-01-29 04:25:00,PRC18NN,P500,cvd,LOT3769,179,shipped
2025-01-29 08:23:00,PRC16NN,P400,photo,LOT7451,152,wait
2025-01-29 14:07:00,PRC16NN,P100,cmp,LOT4950,155,hold
2025-01-29 16:08:00,PRC04NN,P400,cmp,LOT3878,25,shipped
2025-01-29 16:52:00,PRC27NN,P400,photo,LOT7267,173,wait
2025-01-29 19:20:00,PRC16NN,P400,photo,LOT4473,281,wait
2025-01-30 04:28:00,PRC04NN,P400,cvd,LOT6539,40,wait
2025-01-30 05:27:00,PRC02NN,P200,thin,LOT9342,262,wait
2025-01-30 11:35:00,PRC18NN,P500,cmp,LOT2595,50,hold
2025-01-30 12:11:00,PRC16NN,P100,cvd,LOT6046,243,shipped
2025-01-30 14:29:00,PRC18NN,P200,diff,LOT4648,199,wait
2025-01-30 19:15:00,PRC04NN,P500,endfab,LOT6139,231,hold
2025-01-31 04:14:00,PRC27NN,P200,thin,LOT5900,266,shipped
2025-01-31 07:44:00,PRC16NN,P100,cvd,LOT6460,177,hold
2025-02-01 01:45:00,PRC04NN,P500,endfab,LOT7795,73,wait
2025-02-01 02:32:00,PRC16NN,P500,cvd,LOT8630,191,shipped
2025-02-01 06:42:00,PRC18NN,P300,diff,LOT4540,19,shipped
2025-02-01 09:40:00,PRC04NN,P100,endfab,LOT7637,120,hold
2025-02-01 15:49:00,PRC16NN,P300,thin,LOT5139,90,wait
2025-02-02 00:28:00,PRC04NN,P200,cvd,LOT4451,231,shipped
2025-02-02 01:21:00,PRC02NN,P400,cvd,LOT6217,221,run
2025-02-02 07:48:00,PRC16NN,P100,cvd,LOT9053,221,shipped
2025-02-02 08:44:00,PRC27NN,P200,cvd,LOT6794,274,hold
2025-02-02 08:44:00,PRC18NN,P500,cmp,LOT8653,20,run
2025-02-02 08:45:00,PRC18NN,P300,photo,LOT8129,157,hold
2025-02-02 12:08:00,PRC04NN,P200,photo,LOT2936,168,hold
2025-02-02 15:23:00,PRC16NN,P500,diff,LOT9286,175,run
2025-02-03 10:59:00,PRC27NN,P500,cvd,LOT3276,228,wait
2025-02-03 12:03:00,PRC18NN,P400,cmp,LOT3707,16,wait
2025-02-03 12:04:00,PRC27NN,P200,thin,LOT8426,255,hold
2025-02-03 14:30:00,PRC27NN,P300,cvd,LOT9923,228,shipped
2025-02-03 16:51:00,PRC16NN,P200,endfab,LOT9842,230,run
2025-02-03 21:35:00,PRC04NN,P400,diff,LOT1257,245,shipped
2025-02-04 03:24:00,PRC16NN,P400,cvd,LOT7324,173,wait
2025-02-04 13:47:00,PRC04NN,P200,cvd,LOT9693,95,run
2025-02-04 18:38:00,PRC02NN,P200,cmp,LOT7554,185,shipped
2025-02-04 21:52:00,PRC18NN,P200,endfab,LOT4790,118,hold
2025-02-04 23:41:00,PRC04NN,P400,thin,LOT4471,245,run
2025-02-05 02:32:00,PRC27NN,P100,thin,LOT4963,80,hold
2025-02-05 08:55:00,PRC04NN,P100,endfab,LOT3946,268,run
2025-02-05 14:53:00,PRC04NN,P100,cmp,LOT2570,41,run
2025-02-05 17:54:00,PRC04NN,P300,cvd,LOT4696,280,hold
2025-02-05 20:26:00,PRC04NN,P200,cmp,LOT9975,64,shipped
2025-02-05 22:44:00,PRC02NN,P100,thin,LOT9490,220,hold
2025-02-06 03:05:00,PRC18NN,P100,cvd,LOT5521,173,run
2025-02-06 11:25:00,PRC16NN,P100,cmp,LOT7999,10,shipped
2025-02-06 12:57:00,PRC16NN,P100,diff,LOT6916,183,wait
2025-02-06 17:02:00,PRC27NN,P500,cvd,LOT6309,20,run
2025-02-06 18:49:00,PRC02NN,P500,endfab,LOT4914,269,wait
2025-02-06 19:30:00,PRC04NN,P100,diff,LOT3332,177,hold
2025-02-06 22:45:00,PRC16NN,P100,thin,LOT6699,16,hold
2025-02-06 23:43:00,PRC16NN,P200,endfab,LOT8030,97,wait
2025-02-07 12:01:00,PRC16NN,P500,endfab,LOT2775,113,hold
2025-02-07 15:38:00,PRC02NN,P100,photo,LOT2542,107,shipped
2025-02-07 16:06:00,PRC02NN,P200,photo,LOT5613,205,run
2025-02-07 18:51:00,PRC27NN,P100,diff,LOT4025,267,hold
2025-02-07 18:59:00,PRC16NN,P500,cmp,LOT4305,18,shipped
2025-02-07 20:50:00,PRC27NN,P300,cmp,LOT1058,104,wait
2025-02-08 11:06:00,PRC04NN,P400,thin,LOT3905,181,hold
2025-02-08 18:29:00,PRC16NN,P500,thin,LOT3345,19,wait
2025-02-08 20:13:00,PRC04NN,P500,diff,LOT4630,120,run
2025-02-08 20:42:00,PRC04NN,P500,cvd,LOT2968,36,run
2025-02-08 21:38:00,PRC02NN,P200,cmp,LOT8579,163,run
2025-02-09 05:22:00,PRC18NN,P300,cvd,LOT6629,126,run
2025-02-09 08:42:00,PRC04NN,P300,cvd,LOT2744,254,shipped
2025-02-10 00:22:00,PRC27NN,P400,thin,LOT6843,133,wait
2025-02-10 09:51:00,PRC16NN,P100,diff,LOT5343,156,run
2025-02-10 12:22:00,PRC16NN,P200,diff,LOT3445,104,run
2025-02-10 16:18:00,PRC18NN,P200,cmp,LOT9489,230,shipped
2025-02-10 19:29:00,PRC18NN,P100,thin,LOT9816,199,wait
2025-02-10 22:52:00,PRC04NN,P200,cmp,LOT5280,26,wait
2025-02-11 08:28:00,PRC02NN,P200,thin,LOT8333,237,hold
2025-02-11 13:22:00,PRC02NN,P100,photo,LOT3914,256,wait
2025-02-11 18:10:00,PRC27NN,P200,cvd,LOT8725,208,run
2025-02-12 02:37:00,PRC27NN,P300,thin,LOT9333,272,shipped
2025-02-12 10:40:00,PRC02NN,P400,thin,LOT1012,142,shipped
2025-02-12 18:12:00,PRC02NN,P100,cmp,LOT5550,41,run
2025-02-12 18:21:00,PRC18NN,P400,diff,LOT7106,290,hold
2025-02-13 06:29:00,PRC27NN,P100,endfab,LOT1831,75,wait
2025-02-13 13:28:00,PRC18NN,P200,photo,LOT1137,220,hold
2025-02-13 16:56:00,PRC04NN,P100,thin,LOT3421,90,hold
2025-02-13 19:12:00,PRC18NN,P200,diff,LOT4363,183,hold
2025-02-13 19:14:00,PRC27NN,P400,thin,LOT3373,259,hold
2025-02-14 03:35:00,PRC27NN,P100,endfab,LOT7235,217,shipped
2025-02-14 08:41:00,PRC18NN,P200,cvd,LOT4844,297,hold
2025-02-14 19:55:00,PRC02NN,P100,endfab,LOT5863,216,shipped
2025-02-14 21:45:00,PRC27NN,P400,diff,LOT4097,125,run
2025-02-15 02:34:00,PRC18NN,P400,thin,LOT5125,15,run
2025-02-15 06:19:00,PRC16NN,P300,thin,LOT4469,171,hold
2025-02-15 06:33:00,PRC16NN,P200,photo,LOT9163,171,run
2025-02-15 07:47:00,PRC16NN,P300,thin,LOT4086,136,hold
2025-02-15 08:23:00,PRC16NN,P400,cvd,LOT7247,183,wait
2025-02-15 09:23:00,PRC16NN,P400,cmp,LOT5927,126,hold
2025-02-15 13:30:00,PRC27NN,P200,endfab,LOT1493,193,hold
2025-02-15 16:45:00,PRC27NN,P100,thin,LOT1507,168,shipped
2025-02-15 22:11:00,PRC16NN,P500,thin,LOT2354,69,wait
2025-02-16 11:23:00,PRC16NN,P500,photo,LOT7500,144,shipped
2025-02-16 17:28:00,PRC04NN,P100,thin,LOT6563,135,hold
2025-02-17 00:15:00,PRC02NN,P400,photo,LOT8026,187,hold
2025-02-17 07:24:00,PRC27NN,P300,endfab,LOT2842,239,wait
2025-02-17 08:41:00,PRC02NN,P200,endfab,LOT5579,180,hold
2025-02-17 14:35:00,PRC27NN,P100,diff,LOT3779,256,hold
2025-02-17 16:27:00,PRC02NN,P100,endfab,LOT9844,298,wait
2025-02-18 03:43:00,PRC04NN,P100,cmp,LOT7534,152,run
2025-02-18 08:10:00,PRC04NN,P400,cvd,LOT2561,45,run
2025-02-18 10:27:00,PRC16NN,P300,cmp,LOT2382,157,hold
2025-02-18 11:05:00,PRC18NN,P100,photo,LOT8376,16,run
2025-02-18 12:44:00,PRC27NN,P400,thin,LOT3556,95,run
2025-02-18 13:02:00,PRC02NN,P500,cvd,LOT1093,207,hold
2025-02-18 15:37:00,PRC18NN,P100,cmp,LOT5766,209,wait
2025-02-19 01:40:00,PRC27NN,P100,diff,LOT9571,188,hold
2025-02-19 03:43:00,PRC18NN,P100,endfab,LOT7554,268,wait
2025-02-19 09:22:00,PRC27NN,P200,cmp,LOT4264,168,wait
2025-02-19 09:22:00,PRC18NN,P100,diff,LOT6054,24,run
2025-02-19 12:09:00,PRC02NN,P100,cmp,LOT9377,60,wait
2025-02-19 13:37:00,PRC02NN,P300,cvd,LOT1531,47,hold
2025-02-19 14:31:00,PRC18NN,P100,photo,LOT6829,128,hold
2025-02-19 15:52:00,PRC02NN,P100,endfab,LOT5537,71,wait
2025-02-19 17:43:00,PRC02NN,P100,thin,LOT8848,47,hold
2025-02-19 18:51:00,PRC04NN,P300,cmp,LOT9542,253,hold
2025-02-19 20:04:00,PRC16NN,P300,diff,LOT8510,43,wait
2025-02-20 07:06:00,PRC16NN,P100,thin,LOT3125,14,wait
2025-02-20 08:11:00,PRC02NN,P300,photo,LOT1727,45,run
2025-02-20 12:16:00,PRC04NN,P300,cvd,LOT2963,21,shipped
2025-02-20 23:14:00,PRC16NN,P100,photo,LOT9531,54,wait
2025-02-21 15:35:00,PRC16NN,P200,cvd,LOT9545,188,wait
2025-02-21 16:25:00,PRC18NN,P100,cvd,LOT9092,287,run
2025-02-22 01:28:00,PRC04NN,P500,cmp,LOT8518,111,shipped
2025-02-22 01:34:00,PRC18NN,P500,diff,LOT6524,156,run
2025-02-22 09:38:00,PRC16NN,P400,thin,LOT6304,212,hold
2025-02-22 10:40:00,PRC04NN,P500,diff,LOT8928,60,wait
2025-02-23 04:19:00,PRC16NN,P300,cvd,LOT2689,221,shipped
2025-02-23 08:17:00,PRC18NN,P400,cvd,LOT2455,53,shipped
2025-02-23 10:47:00,PRC18NN,P400,diff,LOT5323,257,hold
2025-02-23 18:46:00,PRC02NN,P200,cvd,LOT3705,282,run
2025-02-24 01:10:00,PRC27NN,P100,photo,LOT9889,185,run
2025-02-24 11:19:00,PRC18NN,P100,diff,LOT7032,239,shipped
2025-02-24 12:20:00,PRC04NN,P100,thin,LOT9850,169,run
2025-02-24 16:30:00,PRC27NN,P300,diff,LOT5920,167,run
2025-02-25 09:52:00,PRC04NN,P100,thin,LOT5626,100,shipped
2025-02-25 13:50:00,PRC04NN,P500,photo,LOT8219,72,wait
2025-02-25 14:46:00,PRC16NN,P400,endfab,LOT3575,237,wait
2025-02-25 17:19:00,PRC27NN,P200,cmp,LOT2918,161,run
2025-02-25 19:54:00,PRC27NN,P200,cvd,LOT3121,16,shipped
2025-02-25 20:27:00,PRC18NN,P500,thin,LOT2140,71,shipped
2025-02-25 20:42:00,PRC18NN,P500,diff,LOT8981,295,shipped
2025-02-25 21:46:00,PRC02NN,P300,cmp,LOT7712,64,shipped
2025-02-25 23:21:00,PRC02NN,P300,thin,LOT8877,245,run
2025-02-26 03:24:00,PRC02NN,P300,cmp,LOT9721,259,wait
2025-02-26 04:44:00,PRC16NN,P400,thin,LOT5517,170,run
2025-02-26 09:50:00,PRC04NN,P500,cmp,LOT6900,114,wait
2025-02-26 10:43:00,PRC18NN,P500,photo,LOT3609,180,run
2025-02-26 10:51:00,PRC02NN,P100,cvd,LOT9481,118,run
2025-02-26 13:29:00,PRC02NN,P400,cvd,LOT8354,127,shipped
2025-02-26 14:22:00,PRC02NN,P100,cvd,LOT2191,271,run
2025-02-26 15:45:00,PRC02NN,P300,cmp,LOT3546,130,shipped
2025-02-26 21:52:00,PRC02NN,P500,endfab,LOT4677,154,wait
2025-02-27 03:33:00,PRC27NN,P100,photo,LOT7356,181,hold
2025-02-27 06:25:00,PRC16NN,P200,photo,LOT8510,216,hold
2025-02-27 10:29:00,PRC18NN,P200,thin,LOT1286,262,hold
2025-02-27 15:36:00,PRC16NN,P300,cvd,LOT9177,123,hold
2025-02-27 20:35:00,PRC02NN,P200,diff,LOT4401,101,shipped
2025-02-27 22:00:00,PRC18NN,P100,diff,LOT3569,226,wait
2025-02-28 02:33:00,PRC16NN,P100,thin,LOT1014,205,run
2025-02-28 02:45:00,PRC18NN,P200,endfab,LOT6519,168,hold
2025-02-28 07:01:00,PRC02NN,P200,photo,LOT5535,116,wait
2025-02-28 07:52:00,PRC04NN,P300,photo,LOT7094,265,hold
2025-02-28 10:47:00,PRC16NN,P300,photo,LOT7459,56,run
2025-02-28 23:21:00,PRC04NN,P200,thin,LOT3251,134,wait
2025-03-01 00:15:00,PRC04NN,P200,endfab,LOT5153,215,hold
2025-03-01 01:42:00,PRC16NN,P100,cmp,LOT1589,137,run
2025-03-01 03:34:00,PRC18NN,P100,photo,LOT8650,29,wait
2025-03-01 04:24:00,PRC18NN,P300,diff,LOT5059,78,hold
2025-03-01 08:48:00,PRC04NN,P400,endfab,LOT5320,68,shipped
2025-03-01 10:28:00,PRC27NN,P500,cvd,LOT9131,133,shipped
2025-03-01 18:20:00,PRC18NN,P400,photo,LOT3800,74,wait
2025-03-01 20:18:00,PRC04NN,P500,endfab,LOT4458,171,shipped
2025-03-01 22:11:00,PRC16NN,P100,cmp,LOT8799,95,shipped
2025-03-02 01:41:00,PRC04NN,P500,cvd,LOT1685,45,wait
2025-03-02 08:44:00,PRC27NN,P500,photo,LOT8150,38,wait
2025-03-02 12:57:00,PRC16NN,P300,endfab,LOT2942,77,hold
2025-03-02 13:50:00,PRC02NN,P300,endfab,LOT2292,286,wait
2025-03-02 16:35:00,PRC18NN,P300,photo,LOT3690,206,hold
2025-03-03 03:10:00,PRC27NN,P100,thin,LOT6709,42,wait
2025-03-03 04:50:00,PRC04NN,P100,photo,LOT8696,160,hold
2025-03-03 08:23:00,PRC18NN,P500,cmp,LOT8476,38,run
2025-03-03 09:35:00,PRC04NN,P400,cmp,LOT2131,201,hold
2025-03-03 17:48:00,PRC18NN,P100,diff,LOT5603,237,wait
2025-03-04 00:56:00,PRC27NN,P200,endfab,LOT2108,241,run
2025-03-04 13:24:00,PRC16NN,P500,cvd,LOT7734,105,shipped
2025-03-04 15:46:00,PRC04NN,P100,diff,LOT3641,118,run
2025-03-04 18:46:00,PRC02NN,P100,thin,LOT9147,214,shipped
2025-03-04 21:55:00,PRC04NN,P200,photo,LOT3472,220,run
2025-03-05 06:18:00,PRC02NN,P300,photo,LOT2775,135,run
2025-03-05 07:19:00,PRC16NN,P500,thin,LOT7433,273,shipped
2025-03-05 08:42:00,PRC02NN,P500,thin,LOT1995,123,shipped
2025-03-05 10:53:00,PRC16NN,P300,cvd,LOT1260,260,run
2025-03-05 21:29:00,PRC04NN,P500,cmp,LOT9575,203,hold
2025-03-06 09:13:00,PRC27NN,P300,thin,LOT6968,227,hold
2025-03-06 13:29:00,PRC18NN,P100,cvd,LOT8010,155,run
2025-03-06 13:44:00,PRC02NN,P100,diff,LOT8078,67,shipped
2025-03-06 13:54:00,PRC16NN,P100,thin,LOT1675,179,shipped
2025-03-06 15:04:00,PRC27NN,P400,photo,LOT2851,119,hold
2025-03-06 18:18:00,PRC18NN,P500,cvd,LOT9647,189,hold
2025-03-07 01:09:00,PRC18NN,P300,cvd,LOT4347,103,shipped
2025-03-07 06:06:00,PRC02NN,P400,cmp,LOT9207,156,hold
2025-03-07 16:11:00,PRC18NN,P100,diff,LOT7181,90,wait
2025-03-07 17:02:00,PRC18NN,P100,diff,LOT5228,19,run
2025-03-07 21:04:00,PRC16NN,P400,photo,LOT4496,239,wait
2025-03-07 21:44:00,PRC02NN,P200,endfab,LOT1536,210,hold
2025-03-08 00:39:00,PRC04NN,P500,cvd,LOT5289,180,hold
2025-03-08 01:14:00,PRC02NN,P400,cmp,LOT8778,127,wait
2025-03-08 03:43:00,PRC27NN,P400,cmp,LOT1731,55,shipped
2025-03-08 06:33:00,PRC04NN,P100,cvd,LOT9415,91,hold
2025-03-08 07:08:00,PRC18NN,P200,diff,LOT7209,181,run
2025-03-08 20:50:00,PRC04NN,P200,photo,LOT5863,211,shipped
2025-03-08 21:01:00,PRC27NN,P100,photo,LOT3618,294,shipped
2025-03-09 00:00:00,PRC02NN,P400,photo,LOT2580,296,run
2025-03-09 04:03:00,PRC18NN,P200,photo,LOT3960,264,wait
2025-03-09 11:01:00,PRC18NN,P300,thin,LOT6224,132,shipped
2025-03-09 13:06:00,PRC02NN,P400,cvd,LOT6057,251,shipped
2025-03-09 14:01:00,PRC27NN,P300,thin,LOT6475,21,shipped
2025-03-09 20:01:00,PRC02NN,P400,diff,LOT3873,173,run
2025-03-09 21:32:00,PRC18NN,P100,cmp,LOT7172,279,shipped
2025-03-09 21:59:00,PRC18NN,P500,cmp,LOT7709,142,wait
2025-03-10 02:04:00,PRC27NN,P300,endfab,LOT7984,29,hold
2025-03-10 04:45:00,PRC02NN,P400,diff,LOT1987,92,wait
2025-03-10 09:50:00,PRC02NN,P500,photo,LOT1252,266,hold
2025-03-10 12:48:00,PRC27NN,P500,endfab,LOT2250,17,run
2025-03-10 13:23:00,PRC04NN,P100,diff,LOT3837,174,shipped
2025-03-10 17:59:00,PRC04NN,P200,thin,LOT7993,246,hold
2025-03-10 18:57:00,PRC27NN,P400,thin,LOT7601,16,shipped
2025-03-10 19:49:00,PRC18NN,P300,cmp,LOT8081,141,hold
2025-03-10 19:57:00,PRC02NN,P500,photo,LOT2314,150,run
2025-03-10 22:44:00,PRC16NN,P400,cmp,LOT5481,11,wait
2025-03-11 04:49:00,PRC02NN,P300,cmp,LOT5591,23,shipped
2025-03-11 08:10:00,PRC04NN,P200,diff,LOT4627,142,shipped
2025-03-12 03:52:00,PRC16NN,P400,endfab,LOT8393,144,wait
2025-03-12 06:19:00,PRC04NN,P300,diff,LOT5023,220,hold
2025-03-12 17:23:00,PRC16NN,P200,cvd,LOT3404,127,hold
2025-03-12 21:23:00,PRC18NN,P500,diff,LOT6882,39,shipped
2025-03-13 04:14:00,PRC27NN,P400,photo,LOT1701,195,hold
2025-03-13 07:10:00,PRC27NN,P500,endfab,LOT3570,236,wait
2025-03-13 14:30:00,PRC16NN,P200,endfab,LOT8263,178,hold
2025-03-13 17:11:00,PRC27NN,P400,endfab,LOT8445,77,wait
2025-03-14 09:22:00,PRC04NN,P400,cmp,LOT3246,164,hold
2025-03-14 11:19:00,PRC18NN,P100,endfab,LOT6324,190,run
2025-03-14 12:35:00,PRC18NN,P500,cvd,LOT5282,270,run
2025-03-14 13:56:00,PRC02NN,P400,photo,LOT7375,169,shipped
2025-03-14 19:34:00,PRC27NN,P300,endfab,LOT8766,112,hold
2025-03-14 21:17:00,PRC16NN,P200,cvd,LOT8207,256,hold
2025-03-14 22:57:00,PRC18NN,P300,cvd,LOT3119,50,hold
2025-03-15 00:18:00,PRC16NN,P500,cvd,LOT9273,96,shipped
2025-03-15 02:22:00,PRC27NN,P100,cmp,LOT1327,107,wait
2025-03-15 04:21:00,PRC16NN,P300,cvd,LOT9068,60,shipped
2025-03-15 22:13:00,PRC02NN,P300,thin,LOT8649,294,wait
2025-03-16 06:05:00,PRC27NN,P300,cvd,LOT5985,113,shipped
2025-03-16 12:58:00,PRC04NN,P500,photo,LOT5000,161,shipped
2025-03-16 13:58:00,PRC02NN,P200,cvd,LOT2473,292,hold
2025-03-16 14:32:00,PRC16NN,P100,endfab,LOT9196,111,hold
2025-03-17 04:39:00,PRC16NN,P200,thin,LOT2604,70,hold
2025-03-17 12:27:00,PRC18NN,P300,cvd,LOT6046,57,shipped
2025-03-17 12:56:00,PRC18NN,P100,cmp,LOT1332,79,wait
2025-03-17 16:07:00,PRC04NN,P400,cmp,LOT4081,256,shipped
2025-03-17 19:13:00,PRC18NN,P500,cmp,LOT3423,157,hold
2025-03-18 06:13:00,PRC04NN,P500,thin,LOT4036,54,shipped
2025-03-18 16:48:00,PRC04NN,P300,cmp,LOT2419,224,hold
2025-03-18 22:44:00,PRC18NN,P200,thin,LOT5064,230,hold
2025-03-19 03:34:00,PRC16NN,P200,cvd,LOT9977,226,run
2025-03-19 14:09:00,PRC18NN,P400,cvd,LOT5221,170,shipped
2025-03-19 14:25:00,PRC02NN,P400,cmp,LOT9978,78,shipped
2025-03-19 15:18:00,PRC18NN,P100,thin,LOT9126,175,shipped
2025-03-19 17:43:00,PRC27NN,P200,thin,LOT5086,219,run
2025-03-19 22:17:00,PRC04NN,P500,thin,LOT9452,64,run
2025-03-20 03:48:00,PRC18NN,P100,photo,LOT9575,115,hold
2025-03-20 05:00:00,PRC02NN,P100,cvd,LOT5099,219,shipped
2025-03-20 06:17:00,PRC18NN,P400,thin,LOT6556,69,shipped
2025-03-20 14:19:00,PRC18NN,P200,endfab,LOT8929,202,run
2025-03-20 19:05:00,PRC04NN,P500,thin,LOT3769,189,shipped
2025-03-20 22:06:00,PRC16NN,P300,cmp,LOT7059,269,wait
2025-03-20 22:26:00,PRC02NN,P300,endfab,LOT4127,77,shipped
2025-03-20 22:30:00,PRC16NN,P200,thin,LOT4074,228,hold
2025-03-20 22:48:00,PRC18NN,P500,cmp,LOT9114,221,run
2025-03-20 22:59:00,PRC18NN,P500,diff,LOT9620,267,wait
2025-03-21 04:35:00,PRC02NN,P300,cmp,LOT3640,115,hold
2025-03-21 10:03:00,PRC27NN,P400,endfab,LOT2950,38,hold
2025-03-22 00:21:00,PRC04NN,P100,cvd,LOT8676,33,shipped
2025-03-22 05:25:00,PRC02NN,P100,photo,LOT4284,130,wait
2025-03-22 09:45:00,PRC04NN,P200,diff,LOT2112,74,shipped
2025-03-22 12:49:00,PRC18NN,P400,photo,LOT5217,138,hold
2025-03-22 14:36:00,PRC27NN,P500,cvd,LOT7203,141,run
2025-03-22 14:52:00,PRC16NN,P300,cmp,LOT5802,20,wait
2025-03-22 17:43:00,PRC27NN,P300,thin,LOT4943,266,wait
2025-03-22 23:38:00,PRC27NN,P400,cvd,LOT2749,209,run
2025-03-23 16:28:00,PRC18NN,P200,cmp,LOT1520,180,shipped
2025-03-23 16:34:00,PRC04NN,P300,diff,LOT8297,149,wait
2025-03-23 17:46:00,PRC04NN,P200,cvd,LOT3888,154,hold
2025-03-23 19:22:00,PRC04NN,P100,thin,LOT9569,166,run
2025-03-23 19:36:00,PRC04NN,P300,photo,LOT3018,187,run
2025-03-23 19:48:00,PRC27NN,P300,cmp,LOT3891,79,run
2025-03-23 20:35:00,PRC02NN,P400,cvd,LOT7627,241,wait
2025-03-23 20:37:00,PRC02NN,P100,cmp,LOT7377,261,shipped
2025-03-24 06:15:00,PRC02NN,P300,diff,LOT8386,279,shipped
2025-03-24 09:27:00,PRC27NN,P500,diff,LOT7228,227,wait
2025-03-24 12:14:00,PRC02NN,P400,thin,LOT8327,290,hold
2025-03-24 17:06:00,PRC18NN,P300,endfab,LOT5717,54,run
2025-03-25 04:44:00,PRC16NN,P500,endfab,LOT4778,199,run
2025-03-25 05:16:00,PRC27NN,P200,endfab,LOT7923,187,shipped
2025-03-25 06:09:00,PRC16NN,P400,diff,LOT2516,182,run
2025-03-25 19:50:00,PRC02NN,P500,endfab,LOT1608,91,run
2025-03-25 20:59:00,PRC16NN,P500,cmp,LOT7447,168,hold
2025-03-26 07:49:00,PRC04NN,P300,diff,LOT2525,113,hold
2025-03-26 07:51:00,PRC04NN,P100,diff,LOT9595,31,wait
2025-03-26 14:14:00,PRC27NN,P500,photo,LOT5299,255,run
2025-03-26 18:49:00,PRC02NN,P100,endfab,LOT6180,217,shipped
2025-03-26 20:33:00,PRC16NN,P200,diff,LOT3443,255,wait
2025-03-27 07:09:00,PRC27NN,P300,endfab,LOT5090,89,shipped
2025-03-27 09:29:00,PRC16NN,P300,cmp,LOT5910,31,run
2025-03-27 15:52:00,PRC04NN,P200,cmp,LOT2873,157,shipped
2025-03-27 16:58:00,PRC18NN,P400,diff,LOT8823,286,wait
2025-03-27 19:28:00,PRC02NN,P300,thin,LOT1399,194,hold
2025-03-27 20:05:00,PRC02NN,P100,diff,LOT5647,205,hold
2025-03-27 20:17:00,PRC27NN,P500,endfab,LOT2785,76,hold
2025-03-27 22:19:00,PRC04NN,P400,thin,LOT8302,257,hold
2025-03-28 08:40:00,PRC27NN,P500,diff,LOT9959,182,run
2025-03-28 09:05:00,PRC16NN,P500,thin,LOT9143,230,hold
2025-03-28 10:41:00,PRC16NN,P200,cvd,LOT2941,133,run
2025-03-29 04:53:00,PRC04NN,P100,photo,LOT9753,245,wait
2025-03-29 05:48:00,PRC18NN,P300,photo,LOT7846,212,hold
2025-03-29 11:36:00,PRC18NN,P100,endfab,LOT4860,286,run
2025-03-29 15:37:00,PRC18NN,P300,diff,LOT9751,158,run
2025-03-29 21:14:00,PRC18NN,P400,endfab,LOT6937,300,hold
2025-03-30 02:12:00,PRC02NN,P100,thin,LOT6688,281,shipped
2025-03-30 03:23:00,PRC16NN,P300,diff,LOT5082,123,hold
2025-03-30 04:11:00,PRC27NN,P100,diff,LOT2620,162,run
2025-03-30 10:57:00,PRC04NN,P400,diff,LOT4396,226,run
2025-03-30 16:03:00,PRC16NN,P200,cvd,LOT9525,230,shipped
2025-03-30 23:22:00,PRC04NN,P500,diff,LOT9754,108,wait
2025-03-31 04:17:00,PRC02NN,P200,cmp,LOT4287,140,run
2025-03-31 07:32:00,PRC27NN,P100,cmp,LOT2010,150,hold
2025-03-31 12:36:00,PRC18NN,P300,thin,LOT8758,101,shipped
2025-03-31 12:44:00,PRC04NN,P500,cvd,LOT6711,277,wait
2025-03-31 12:55:00,PRC02NN,P100,cmp,LOT8647,194,shipped
2025-03-31 17:25:00,PRC18NN,P500,photo,LOT4770,283,hold
2025-03-31 20:50:00,PRC18NN,P400,photo,LOT9645,104,shipped
2025-04-01 01:33:00,PRC18NN,P400,thin,LOT3662,298,wait
2025-04-01 05:16:00,PRC16NN,P500,thin,LOT5357,193,wait
2025-04-01 13:18:00,PRC02NN,P500,cvd,LOT9478,243,run
2025-04-02 02:10:00,PRC04NN,P300,photo,LOT8347,89,wait
2025-04-02 02:29:00,PRC04NN,P500,diff,LOT4870,255,shipped
2025-04-02 05:28:00,PRC27NN,P300,endfab,LOT2034,110,shipped
2025-04-02 08:20:00,PRC27NN,P400,endfab,LOT8393,267,shipped
2025-04-02 08:49:00,PRC16NN,P200,photo,LOT3718,290,wait
2025-04-02 14:00:00,PRC04NN,P300,cvd,LOT9870,126,run
2025-04-02 17:15:00,PRC02NN,P200,endfab,LOT9635,29,wait
2025-04-03 08:26:00,PRC18NN,P100,cvd,LOT3766,145,wait
2025-04-03 15:45:00,PRC27NN,P300,endfab,LOT4667,260,run
2025-04-03 16:00:00,PRC04NN,P200,endfab,LOT4792,266,hold
2025-04-04 03:36:00,PRC27NN,P400,cmp,LOT1361,181,wait
2025-04-04 05:30:00,PRC18NN,P400,cvd,LOT4435,198,run
2025-04-04 08:20:00,PRC04NN,P400,endfab,LOT2821,193,wait
2025-04-04 09:40:00,PRC04NN,P200,cvd,LOT3159,233,run
2025-04-04 18:20:00,PRC02NN,P100,endfab,LOT9874,238,wait
2025-04-04 19:33:00,PRC18NN,P300,photo,LOT4720,253,shipped
2025-04-04 20:15:00,PRC16NN,P500,photo,LOT6151,79,hold
2025-04-05 01:30:00,PRC16NN,P300,cvd,LOT4625,151,wait
2025-04-05 12:45:00,PRC02NN,P200,cmp,LOT2997,122,hold
2025-04-05 13:31:00,PRC04NN,P100,endfab,LOT3010,23,wait
2025-04-05 15:27:00,PRC02NN,P300,photo,LOT9565,163,hold
2025-04-05 18:11:00,PRC18NN,P100,diff,LOT1974,108,wait
2025-04-06 03:15:00,PRC16NN,P500,endfab,LOT2416,138,hold
2025-04-06 06:15:00,PRC27NN,P500,thin,LOT9121,214,run
2025-04-06 07:54:00,PRC18NN,P300,cmp,LOT6776,193,wait
2025-04-06 08:52:00,PRC16NN,P300,cvd,LOT1895,145,shipped
2025-04-06 14:19:00,PRC18NN,P100,cmp,LOT3575,238,shipped
2025-04-06 19:35:00,PRC18NN,P500,diff,LOT8802,81,hold
2025-04-06 20:01:00,PRC27NN,P500,thin,LOT5075,115,shipped
2025-04-07 02:18:00,PRC18NN,P400,cmp,LOT6392,38,wait
2025-04-07 02:54:00,PRC27NN,P200,photo,LOT1271,57,shipped
2025-04-07 05:10:00,PRC18NN,P300,cmp,LOT3869,246,hold
2025-04-07 05:41:00,PRC04NN,P100,thin,LOT4964,223,shipped
2025-04-07 07:08:00,PRC02NN,P300,thin,LOT3964,214,run
2025-04-07 09:37:00,PRC27NN,P100,cmp,LOT4386,113,wait
2025-04-07 10:33:00,PRC02NN,P400,photo,LOT8155,79,run
2025-04-07 18:23:00,PRC02NN,P400,cmp,LOT7821,193,shipped
2025-04-07 19:29:00,PRC02NN,P300,cmp,LOT5942,145,shipped
2025-04-07 23:24:00,PRC27NN,P400,cmp,LOT7767,208,wait
2025-04-08 02:55:00,PRC04NN,P300,endfab,LOT2657,77,run
2025-04-08 03:17:00,PRC04NN,P100,thin,LOT7292,275,shipped
2025-04-08 05:27:00,PRC04NN,P500,cmp,LOT6499,157,run
2025-04-08 05:30:00,PRC18NN,P500,cmp,LOT8719,46,run
2025-04-08 06:45:00,PRC16NN,P100,diff,LOT3695,235,run
2025-04-08 08:43:00,PRC16NN,P300,diff,LOT9734,165,run
2025-04-08 21:29:00,PRC16NN,P500,photo,LOT1572,102,shipped
2025-04-09 02:34:00,PRC04NN,P100,thin,LOT7999,251,shipped
2025-04-09 12:12:00,PRC16NN,P500,cvd,LOT2378,167,wait
2025-04-10 02:36:00,PRC27NN,P400,thin,LOT5137,204,hold
2025-04-10 14:31:00,PRC04NN,P300,photo,LOT3617,36,shipped
2025-04-10 14:35:00,PRC18NN,P300,diff,LOT6807,141,wait
2025-04-10 17:34:00,PRC18NN,P300,cmp,LOT5848,126,hold
2025-04-11 01:08:00,PRC02NN,P500,endfab,LOT7834,47,hold
2025-04-11 06:34:00,PRC04NN,P500,diff,LOT4659,173,wait
2025-04-11 09:35:00,PRC16NN,P300,cmp,LOT3340,17,shipped
2025-04-11 17:29:00,PRC16NN,P400,cvd,LOT4254,285,run
2025-04-11 19:08:00,PRC04NN,P200,photo,LOT4723,265,hold
2025-04-11 20:07:00,PRC02NN,P500,endfab,LOT3024,192,run
2025-04-11 21:30:00,PRC18NN,P200,photo,LOT2767,185,shipped
2025-04-11 23:42:00,PRC27NN,P500,cvd,LOT5866,72,run
2025-04-12 05:44:00,PRC18NN,P200,cvd,LOT9167,138,run
2025-04-12 09:23:00,PRC04NN,P100,thin,LOT7582,270,wait
2025-04-12 12:34:00,PRC02NN,P500,cvd,LOT2989,163,shipped
2025-04-12 12:45:00,PRC04NN,P400,endfab,LOT5795,231,run
2025-04-12 16:38:00,PRC04NN,P300,diff,LOT7059,31,wait
2025-04-13 08:57:00,PRC18NN,P100,diff,LOT1719,231,run
2025-04-13 12:56:00,PRC18NN,P400,thin,LOT7484,150,shipped
2025-04-13 14:34:00,PRC16NN,P200,cvd,LOT6450,114,run
2025-04-13 15:13:00,PRC27NN,P200,cmp,LOT6245,118,wait
2025-04-13 15:27:00,PRC02NN,P100,endfab,LOT2896,98,run
2025-04-13 18:29:00,PRC04NN,P500,diff,LOT4168,67,run
2025-04-13 21:01:00,PRC16NN,P300,endfab,LOT2763,61,shipped
2025-04-14 00:37:00,PRC16NN,P100,endfab,LOT6494,42,run
2025-04-14 02:19:00,PRC02NN,P400,cvd,LOT7777,158,hold
2025-04-14 04:04:00,PRC02NN,P200,thin,LOT9538,211,shipped
2025-04-14 13:56:00,PRC04NN,P200,photo,LOT1999,171,run
2025-04-14 21:04:00,PRC04NN,P400,diff,LOT9997,94,hold
2025-04-14 23:05:00,PRC18NN,P100,endfab,LOT2265,69,run
2025-04-15 04:12:00,PRC27NN,P300,thin,LOT7834,67,shipped
2025-04-15 05:40:00,PRC02NN,P200,endfab,LOT6571,25,hold
2025-04-15 07:18:00,PRC18NN,P500,diff,LOT7168,55,shipped
2025-04-15 10:13:00,PRC18NN,P400,cmp,LOT2982,153,shipped
2025-04-16 00:31:00,PRC02NN,P100,cmp,LOT6242,246,wait
2025-04-16 04:24:00,PRC02NN,P300,photo,LOT3775,136,hold
2025-04-16 08:52:00,PRC16NN,P500,thin,LOT9411,208,run
2025-04-16 09:58:00,PRC04NN,P500,photo,LOT5802,214,shipped
2025-04-16 10:53:00,PRC18NN,P400,cvd,LOT8658,151,hold
2025-04-16 18:56:00,PRC02NN,P200,photo,LOT3260,211,hold
2025-04-16 20:25:00,PRC02NN,P500,diff,LOT5108,70,run
2025-04-16 23:27:00,PRC18NN,P100,cvd,LOT8303,43,shipped
2025-04-17 01:19:00,PRC27NN,P500,cmp,LOT7557,144,run
2025-04-17 03:16:00,PRC04NN,P200,thin,LOT5870,34,wait
2025-04-17 14:13:00,PRC27NN,P200,cvd,LOT8843,35,hold
2025-04-17 18:00:00,PRC27NN,P500,thin,LOT1751,250,hold
2025-04-18 07:54:00,PRC02NN,P500,endfab,LOT9568,229,hold
2025-04-18 11:52:00,PRC04NN,P400,endfab,LOT9479,16,run
2025-04-18 17:13:00,PRC02NN,P500,diff,LOT6036,182,hold
2025-04-18 18:34:00,PRC27NN,P100,cvd,LOT4625,283,wait
2025-04-18 20:36:00,PRC04NN,P400,cvd,LOT8092,203,wait
2025-04-19 01:50:00,PRC16NN,P300,cvd,LOT7398,245,wait
2025-04-19 04:24:00,PRC16NN,P100,photo,LOT8525,140,hold
2025-04-19 06:01:00,PRC27NN,P500,cvd,LOT2107,162,run
2025-04-19 06:39:00,PRC27NN,P200,diff,LOT5154,227,shipped
2025-04-19 07:36:00,PRC18NN,P100,cvd,LOT6058,286,wait
2025-04-19 16:47:00,PRC27NN,P100,diff,LOT6658,248,shipped
2025-04-19 18:18:00,PRC02NN,P500,thin,LOT4828,267,run
2025-04-20 06:02:00,PRC04NN,P100,endfab,LOT5032,128,wait
2025-04-20 16:39:00,PRC04NN,P200,endfab,LOT6419,207,shipped
2025-04-20 23:24:00,PRC18NN,P200,photo,LOT3133,98,wait
2025-04-21 05:34:00,PRC16NN,P200,cmp,LOT4282,133,shipped
2025-04-21 09:32:00,PRC02NN,P500,cmp,LOT5510,135,hold
2025-04-21 10:49:00,PRC02NN,P400,endfab,LOT2319,142,run
2025-04-21 12:10:00,PRC04NN,P300,cvd,LOT1804,189,wait
2025-04-21 13:09:00,PRC02NN,P400,thin,LOT4146,113,hold
2025-04-21 13:25:00,PRC04NN,P500,thin,LOT7214,75,shipped
2025-04-21 13:58:00,PRC04NN,P500,diff,LOT4473,145,shipped
2025-04-21 14:10:00,PRC18NN,P300,thin,LOT9174,105,wait
2025-04-21 15:28:00,PRC27NN,P500,photo,LOT4823,119,run
2025-04-21 20:55:00,PRC04NN,P200,endfab,LOT2355,114,hold
2025-04-22 04:51:00,PRC04NN,P300,diff,LOT3347,25,run
2025-04-22 06:30:00,PRC02NN,P500,endfab,LOT2280,207,run
2025-04-22 23:39:00,PRC27NN,P500,cmp,LOT2605,37,wait
2025-04-23 00:18:00,PRC04NN,P100,endfab,LOT5896,149,run
2025-04-23 05:12:00,PRC27NN,P400,cvd,LOT8554,271,run
2025-04-24 00:28:00,PRC02NN,P100,thin,LOT8407,142,hold
2025-04-24 01:43:00,PRC02NN,P500,endfab,LOT5952,84,wait
2025-04-24 08:36:00,PRC02NN,P100,photo,LOT2419,76,wait
2025-04-25 00:12:00,PRC04NN,P300,endfab,LOT1666,281,wait
2025-04-25 04:59:00,PRC27NN,P400,cvd,LOT1405,151,wait
2025-04-25 08:07:00,PRC16NN,P100,cmp,LOT4824,226,run
2025-04-25 09:21:00,PRC18NN,P200,diff,LOT1300,82,hold
2025-04-25 10:14:00,PRC04NN,P500,diff,LOT9305,130,hold
2025-04-25 13:30:00,PRC02NN,P300,photo,LOT4966,87,shipped
2025-04-25 14:31:00,PRC27NN,P400,thin,LOT6587,208,run
2025-04-25 22:22:00,PRC27NN,P200,diff,LOT4609,148,run
2025-04-26 12:21:00,PRC02NN,P200,photo,LOT4551,271,run
2025-04-26 17:05:00,PRC16NN,P400,cmp,LOT7101,201,hold
2025-04-26 21:41:00,PRC16NN,P100,photo,LOT4646,202,shipped
2025-04-27 06:47:00,PRC02NN,P100,diff,LOT3126,53,shipped
2025-04-27 07:23:00,PRC02NN,P200,endfab,LOT9341,185,shipped
2025-04-27 11:16:00,PRC04NN,P400,endfab,LOT7086,251,run
2025-04-27 13:35:00,PRC04NN,P200,thin,LOT8194,85,run
2025-04-27 16:19:00,PRC27NN,P400,cvd,LOT3388,178,wait
2025-04-27 16:27:00,PRC16NN,P500,photo,LOT8418,197,run
2025-04-28 02:12:00,PRC27NN,P400,cvd,LOT2562,101,wait
2025-04-28 08:58:00,PRC18NN,P400,photo,LOT5355,69,hold
2025-04-28 15:28:00,PRC16NN,P500,diff,LOT8962,143,shipped
2025-04-28 15:35:00,PRC18NN,P200,cvd,LOT4631,259,hold
2025-04-28 17:20:00,PRC27NN,P200,cmp,LOT7878,35,shipped
2025-04-28 19:18:00,PRC27NN,P200,endfab,LOT5938,251,hold
2025-04-28 21:32:00,PRC16NN,P300,cmp,LOT2971,184,shipped
2025-04-28 23:22:00,PRC02NN,P200,cvd,LOT4521,238,wait
2025-04-29 06:37:00,PRC04NN,P100,thin,LOT5599,73,hold
2025-04-29 12:32:00,PRC02NN,P100,endfab,LOT4592,184,wait
2025-04-29 17:50:00,PRC18NN,P500,photo,LOT8771,220,run
2025-04-29 18:35:00,PRC04NN,P300,thin,LOT2708,214,wait
2025-04-29 19:55:00,PRC16NN,P200,cmp,LOT7296,299,wait
2025-04-30 02:04:00,PRC02NN,P500,endfab,LOT2818,54,shipped
2025-04-30 02:56:00,PRC04NN,P300,thin,LOT9646,281,run
2025-04-30 05:01:00,PRC27NN,P500,thin,LOT8061,174,hold
2025-04-30 08:09:00,PRC02NN,P400,cmp,LOT3956,165,run
2025-04-30 09:58:00,PRC27NN,P100,cmp,LOT1276,128,hold
2025-04-30 11:09:00,PRC02NN,P100,photo,LOT2871,234,shipped
2025-04-30 14:54:00,PRC16NN,P500,cvd,LOT1785,100,hold
2025-04-30 21:33:00,PRC27NN,P300,thin,LOT9927,166,wait
2025-04-30 22:19:00,PRC18NN,P400,diff,LOT5480,186,hold
2025-05-01 01:04:00,PRC16NN,P500,cmp,LOT5204,109,wait
2025-05-01 07:12:00,PRC02NN,P300,thin,LOT2687,197,hold
2025-05-01 21:37:00,PRC27NN,P400,cmp,LOT6198,289,wait
2025-05-02 13:26:00,PRC18NN,P300,cmp,LOT8670,180,run
2025-05-02 13:57:00,PRC04NN,P200,cmp,LOT8091,15,hold
2025-05-02 18:23:00,PRC27NN,P100,diff,LOT5865,11,wait
2025-05-02 19:28:00,PRC16NN,P200,cvd,LOT6742,124,run
2025-05-03 00:24:00,PRC04NN,P300,diff,LOT1420,284,wait
2025-05-03 01:27:00,PRC02NN,P100,diff,LOT1907,53,hold
2025-05-03 04:57:00,PRC18NN,P200,photo,LOT2026,225,shipped
2025-05-03 09:37:00,PRC18NN,P400,cmp,LOT3639,108,wait
2025-05-03 10:03:00,PRC27NN,P100,diff,LOT3091,139,run
2025-05-03 10:08:00,PRC18NN,P300,cmp,LOT5130,85,run
2025-05-03 16:19:00,PRC02NN,P100,photo,LOT6865,225,run
2025-05-03 21:20:00,PRC04NN,P300,photo,LOT3334,278,wait
2025-05-03 22:50:00,PRC18NN,P300,cvd,LOT8036,264,hold
2025-05-03 23:49:00,PRC27NN,P200,cvd,LOT4658,229,run
2025-05-04 02:09:00,PRC18NN,P500,cvd,LOT3532,279,hold
2025-05-04 02:32:00,PRC02NN,P300,thin,LOT9308,241,hold
2025-05-04 03:07:00,PRC16NN,P400,cmp,LOT4979,112,hold
2025-05-04 06:56:00,PRC16NN,P200,diff,LOT7805,140,wait
2025-05-04 07:02:00,PRC27NN,P200,diff,LOT3582,223,wait
2025-05-04 08:34:00,PRC02NN,P500,photo,LOT5622,148,wait
2025-05-04 13:00:00,PRC18NN,P200,photo,LOT9604,247,wait
2025-05-04 16:21:00,PRC04NN,P400,photo,LOT8272,89,wait
2025-05-04 20:33:00,PRC02NN,P300,cvd,LOT6703,178,hold
2025-05-04 22:13:00,PRC16NN,P300,cvd,LOT5401,152,wait
2025-05-05 03:21:00,PRC04NN,P200,endfab,LOT8914,293,shipped
2025-05-05 06:58:00,PRC02NN,P100,endfab,LOT9989,200,run
2025-05-05 08:56:00,PRC02NN,P300,cvd,LOT2746,67,wait
2025-05-05 09:05:00,PRC27NN,P100,cvd,LOT8746,38,run
2025-05-05 13:25:00,PRC04NN,P200,photo,LOT7347,229,shipped
2025-05-05 23:54:00,PRC04NN,P500,thin,LOT3756,72,wait
2025-05-06 07:46:00,PRC02NN,P100,cvd,LOT7988,45,shipped
2025-05-06 10:29:00,PRC02NN,P500,diff,LOT3016,76,wait
2025-05-06 17:45:00,PRC16NN,P300,cvd,LOT3921,235,shipped
2025-05-07 08:54:00,PRC04NN,P200,diff,LOT1956,124,run
2025-05-07 09:35:00,PRC04NN,P500,thin,LOT1076,252,wait
2025-05-07 11:45:00,PRC27NN,P100,cvd,LOT7598,201,hold
2025-05-07 14:07:00,PRC04NN,P400,thin,LOT8207,280,run
2025-05-07 16:23:00,PRC02NN,P100,thin,LOT4781,93,shipped
2025-05-07 21:59:00,PRC02NN,P400,photo,LOT3235,217,wait
2025-05-08 02:11:00,PRC18NN,P100,photo,LOT1474,199,hold
2025-05-08 07:46:00,PRC04NN,P400,cvd,LOT6617,295,wait
2025-05-08 09:30:00,PRC16NN,P400,diff,LOT5491,219,hold
2025-05-08 16:53:00,PRC16NN,P500,endfab,LOT9539,150,shipped
2025-05-09 10:32:00,PRC18NN,P100,photo,LOT4227,215,run
2025-05-09 21:59:00,PRC27NN,P400,cvd,LOT6883,291,hold
2025-05-10 02:13:00,PRC27NN,P200,diff,LOT5641,140,shipped
2025-05-10 09:20:00,PRC18NN,P300,endfab,LOT9161,289,wait
2025-05-10 11:52:00,PRC27NN,P400,cvd,LOT5653,124,wait
2025-05-10 17:47:00,PRC02NN,P200,cmp,LOT9491,71,hold
2025-05-10 20:49:00,PRC18NN,P100,photo,LOT5412,74,wait
2025-05-11 03:47:00,PRC04NN,P500,cmp,LOT8990,111,wait
2025-05-11 15:42:00,PRC16NN,P300,diff,LOT5979,117,hold
2025-05-11 21:37:00,PRC02NN,P100,cvd,LOT5371,81,hold
2025-05-12 01:35:00,PRC16NN,P500,photo,LOT5616,141,hold
2025-05-12 01:58:00,PRC27NN,P200,endfab,LOT8437,286,wait
2025-05-12 06:00:00,PRC02NN,P100,cvd,LOT2963,16,wait
2025-05-12 07:02:00,PRC18NN,P300,cvd,LOT7128,154,run
2025-05-12 13:45:00,PRC16NN,P100,photo,LOT6069,184,hold
2025-05-12 16:23:00,PRC02NN,P200,endfab,LOT9007,290,wait
2025-05-12 20:46:00,PRC02NN,P400,endfab,LOT7332,265,hold
2025-05-13 00:20:00,PRC18NN,P400,diff,LOT8896,167,run
2025-05-13 07:15:00,PRC02NN,P200,photo,LOT9799,208,wait
2025-05-13 16:12:00,PRC02NN,P400,photo,LOT3999,153,wait
2025-05-13 20:42:00,PRC04NN,P200,photo,LOT8245,251,hold
2025-05-13 22:08:00,PRC27NN,P500,cmp,LOT3236,187,wait
2025-05-13 23:41:00,PRC27NN,P300,cmp,LOT4564,138,wait
2025-05-14 06:31:00,PRC02NN,P400,thin,LOT8936,209,wait
2025-05-14 06:59:00,PRC04NN,P500,cvd,LOT2027,228,wait
2025-05-14 07:55:00,PRC04NN,P100,cvd,LOT2133,181,shipped
2025-05-14 08:49:00,PRC04NN,P500,thin,LOT2459,234,shipped
2025-05-14 11:02:00,PRC16NN,P400,diff,LOT2747,89,wait
2025-05-14 11:35:00,PRC02NN,P500,cvd,LOT8301,110,shipped
2025-05-14 12:40:00,PRC16NN,P200,cvd,LOT1374,170,shipped
2025-05-14 13:09:00,PRC04NN,P400,cvd,LOT8734,206,shipped
2025-05-14 14:26:00,PRC16NN,P100,diff,LOT8466,12,shipped
2025-05-14 15:57:00,PRC27NN,P100,thin,LOT9412,136,shipped
2025-05-14 18:00:00,PRC04NN,P200,cvd,LOT9455,134,run
2025-05-14 23:20:00,PRC04NN,P200,thin,LOT6825,120,run
2025-05-15 07:34:00,PRC16NN,P100,endfab,LOT2945,257,shipped
2025-05-15 08:06:00,PRC16NN,P100,cmp,LOT6747,81,run
2025-05-15 09:37:00,PRC18NN,P300,cvd,LOT6981,32,wait
2025-05-15 09:53:00,PRC04NN,P400,diff,LOT2251,208,shipped
2025-05-15 09:54:00,PRC04NN,P300,diff,LOT6731,253,run
2025-05-15 12:02:00,PRC04NN,P400,diff,LOT6688,201,run
2025-05-15 12:57:00,PRC16NN,P300,cmp,LOT9031,66,shipped
2025-05-15 14:50:00,PRC16NN,P100,photo,LOT4250,288,run
2025-05-15 16:01:00,PRC27NN,P200,cvd,LOT3538,59,shipped
2025-05-15 17:34:00,PRC27NN,P300,cmp,LOT7189,80,run
2025-05-15 17:48:00,PRC18NN,P300,diff,LOT2066,113,wait
2025-05-16 00:51:00,PRC02NN,P400,cmp,LOT2913,25,hold
2025-05-16 03:28:00,PRC04NN,P200,cvd,LOT5092,289,hold
2025-05-16 11:00:00,PRC02NN,P100,cmp,LOT9785,65,run
2025-05-17 06:26:00,PRC02NN,P500,diff,LOT2417,89,hold
2025-05-17 07:05:00,PRC16NN,P300,endfab,LOT2230,253,run
2025-05-17 10:39:00,PRC18NN,P300,cvd,LOT7080,188,wait
2025-05-17 14:50:00,PRC16NN,P200,diff,LOT1888,274,wait
2025-05-17 17:53:00,PRC04NN,P100,thin,LOT1284,126,shipped
2025-05-17 19:41:00,PRC18NN,P400,photo,LOT2970,286,shipped
2025-05-18 07:05:00,PRC16NN,P100,photo,LOT5328,215,hold
2025-05-18 11:46:00,PRC16NN,P400,photo,LOT6890,14,wait
2025-05-18 12:12:00,PRC04NN,P400,thin,LOT6920,250,shipped
2025-05-18 15:26:00,PRC16NN,P100,cmp,LOT8202,200,shipped
2025-05-19 02:39:00,PRC18NN,P100,thin,LOT1231,91,wait
2025-05-19 10:21:00,PRC02NN,P500,thin,LOT9512,59,run
2025-05-19 10:43:00,PRC27NN,P500,photo,LOT1882,32,run
2025-05-19 18:38:00,PRC04NN,P200,cmp,LOT3189,96,run
2025-05-19 23:14:00,PRC02NN,P100,endfab,LOT9736,279,wait
2025-05-20 01:57:00,PRC02NN,P100,photo,LOT6100,107,hold
2025-05-20 04:41:00,PRC16NN,P500,endfab,LOT4389,152,shipped
2025-05-20 12:26:00,PRC16NN,P300,cvd,LOT4614,272,run
2025-05-20 14:15:00,PRC27NN,P500,cmp,LOT1131,170,wait
2025-05-20 21:00:00,PRC02NN,P300,endfab,LOT5982,116,wait
2025-05-21 13:00:00,PRC16NN,P400,cmp,LOT8915,122,shipped
2025-05-21 15:15:00,PRC04NN,P400,cvd,LOT2829,178,run
2025-05-21 16:34:00,PRC02NN,P100,cvd,LOT2861,290,wait
2025-05-21 17:20:00,PRC04NN,P300,photo,LOT4218,83,hold
2025-05-22 07:07:00,PRC16NN,P100,diff,LOT4637,84,hold
2025-05-22 07:48:00,PRC02NN,P300,thin,LOT6419,168,run
2025-05-22 11:33:00,PRC18NN,P100,thin,LOT7863,38,hold
2025-05-22 16:26:00,PRC16NN,P100,endfab,LOT9763,12,wait
2025-05-22 16:58:00,PRC27NN,P100,photo,LOT4293,88,shipped
2025-05-22 17:13:00,PRC02NN,P300,photo,LOT2718,247,run
2025-05-22 19:43:00,PRC16NN,P100,thin,LOT9005,144,wait
2025-05-23 04:02:00,PRC18NN,P500,endfab,LOT2619,48,wait
2025-05-23 04:57:00,PRC02NN,P300,photo,LOT8756,99,shipped
2025-05-23 05:38:00,PRC18NN,P500,endfab,LOT5733,163,shipped
2025-05-23 06:20:00,PRC04NN,P400,cmp,LOT9978,120,hold
2025-05-23 10:47:00,PRC04NN,P300,cvd,LOT3658,24,wait
2025-05-23 12:14:00,PRC16NN,P400,photo,LOT3809,283,wait
2025-05-23 15:15:00,PRC02NN,P200,photo,LOT3049,18,hold
2025-05-23 16:36:00,PRC04NN,P400,diff,LOT7424,104,wait
2025-05-24 10:28:00,PRC27NN,P500,thin,LOT6762,165,hold
2025-05-24 16:12:00,PRC18NN,P300,photo,LOT1222,139,shipped
2025-05-24 17:36:00,PRC04NN,P200,cmp,LOT6206,278,shipped
2025-05-24 18:56:00,PRC27NN,P400,photo,LOT1144,138,run
2025-05-24 19:57:00,PRC16NN,P500,diff,LOT3012,233,hold
2025-05-24 21:26:00,PRC16NN,P100,photo,LOT8080,297,run
2025-05-25 00:04:00,PRC04NN,P100,photo,LOT4057,290,run
2025-05-25 01:30:00,PRC27NN,P400,cmp,LOT7680,55,hold
2025-05-25 10:00:00,PRC18NN,P100,photo,LOT4032,270,run
2025-05-25 10:06:00,PRC27NN,P100,diff,LOT9435,183,run
2025-05-25 13:14:00,PRC27NN,P200,cmp,LOT6003,283,hold
2025-05-25 17:49:00,PRC18NN,P200,cvd,LOT6308,212,hold
2025-05-25 19:25:00,PRC16NN,P500,thin,LOT2955,148,run
2025-05-26 08:54:00,PRC02NN,P300,diff,LOT4355,70,shipped
2025-05-26 12:22:00,PRC27NN,P100,endfab,LOT6470,184,shipped
2025-05-26 12:24:00,PRC04NN,P300,cmp,LOT8544,106,wait
2025-05-26 14:23:00,PRC16NN,P500,thin,LOT6776,232,hold
2025-05-26 17:33:00,PRC27NN,P500,photo,LOT1673,164,hold
2025-05-27 01:58:00,PRC18NN,P300,photo,LOT6587,170,run
2025-05-27 07:47:00,PRC27NN,P300,cvd,LOT3585,243,hold
2025-05-27 08:54:00,PRC27NN,P200,endfab,LOT3520,155,run
2025-05-27 08:56:00,PRC18NN,P200,endfab,LOT7248,236,run
2025-05-27 19:19:00,PRC18NN,P500,thin,LOT8921,72,shipped
2025-05-27 21:54:00,PRC18NN,P300,cmp,LOT8733,106,shipped
2025-05-28 02:36:00,PRC02NN,P100,diff,LOT8328,248,run
2025-05-28 04:57:00,PRC16NN,P100,photo,LOT9571,267,wait
2025-05-28 07:02:00,PRC18NN,P300,endfab,LOT5541,47,shipped
2025-05-28 11:28:00,PRC27NN,P200,photo,LOT5805,226,run
2025-05-28 12:14:00,PRC18NN,P400,endfab,LOT9887,108,shipped
2025-05-28 14:32:00,PRC02NN,P500,thin,LOT9569,231,hold
2025-05-28 19:24:00,PRC02NN,P100,endfab,LOT1912,170,wait
2025-05-28 22:43:00,PRC18NN,P400,cvd,LOT9733,160,wait
2025-05-29 06:00:00,PRC18NN,P400,diff,LOT8623,268,shipped
2025-05-29 10:01:00,PRC27NN,P300,thin,LOT8457,92,hold
2025-05-29 16:38:00,PRC18NN,P200,cvd,LOT6998,201,hold
2025-05-29 19:22:00,PRC27NN,P300,cmp,LOT1001,266,run
2025-05-30 03:52:00,PRC04NN,P100,thin,LOT8357,297,shipped
2025-05-30 18:33:00,PRC27NN,P100,thin,LOT1155,14,run
2025-05-31 05:51:00,PRC18NN,P100,cmp,LOT8896,147,shipped
2025-05-31 06:38:00,PRC02NN,P200,endfab,LOT9279,148,wait
2025-05-31 17:05:00,PRC27NN,P300,endfab,LOT5282,205,shipped
2025-05-31 17:52:00,PRC27NN,P500,endfab,LOT9317,99,run
2025-05-31 18:12:00,PRC02NN,P100,endfab,LOT8483,165,run
2025-05-31 20:53:00,PRC16NN,P500,endfab,LOT6100,300,wait
2025-06-01 05:10:00,PRC18NN,P400,cvd,LOT8498,20,wait
2025-06-01 09:29:00,PRC16NN,P400,thin,LOT7822,209,wait
2025-06-01 21:20:00,PRC04NN,P200,diff,LOT9408,61,run
2025-06-02 11:38:00,PRC27NN,P500,diff,LOT9367,258,wait
2025-06-02 16:27:00,PRC16NN,P300,photo,LOT4488,266,hold
2025-06-02 18:52:00,PRC27NN,P100,thin,LOT7044,39,shipped
2025-06-02 20:09:00,PRC02NN,P300,cmp,LOT2324,108,wait
2025-06-02 20:55:00,PRC16NN,P100,thin,LOT1513,108,shipped
2025-06-03 07:18:00,PRC04NN,P200,thin,LOT3144,189,shipped
2025-06-03 08:52:00,PRC02NN,P300,endfab,LOT9972,152,wait
2025-06-03 12:42:00,PRC04NN,P100,diff,LOT3663,60,wait
2025-06-03 21:24:00,PRC04NN,P200,cmp,LOT7948,225,wait
2025-06-04 13:37:00,PRC16NN,P500,diff,LOT1510,27,hold
2025-06-05 05:23:00,PRC18NN,P500,photo,LOT2932,252,wait
2025-06-05 07:28:00,PRC16NN,P500,cmp,LOT3862,77,run
2025-06-05 10:14:00,PRC27NN,P400,diff,LOT7784,44,shipped
2025-06-05 12:29:00,PRC02NN,P300,diff,LOT3989,94,wait
2025-06-05 13:26:00,PRC02NN,P500,diff,LOT5702,73,hold
2025-06-06 13:05:00,PRC02NN,P300,photo,LOT3702,297,run
2025-06-06 16:57:00,PRC04NN,P200,cvd,LOT2107,225,run
2025-06-06 19:33:00,PRC02NN,P100,endfab,LOT8900,293,wait
2025-06-06 21:03:00,PRC18NN,P100,cvd,LOT4080,222,run
2025-06-07 03:42:00,PRC16NN,P500,cmp,LOT2622,275,shipped
2025-06-07 09:44:00,PRC04NN,P200,thin,LOT8552,188,shipped
2025-06-07 11:42:00,PRC27NN,P500,thin,LOT6522,132,shipped
2025-06-07 12:47:00,PRC18NN,P200,diff,LOT1367,134,shipped
2025-06-07 15:00:00,PRC04NN,P400,cmp,LOT7711,200,shipped
2025-06-07 15:51:00,PRC04NN,P400,cvd,LOT3270,76,wait
2025-06-07 16:17:00,PRC16NN,P400,cvd,LOT8312,111,wait
2025-06-07 20:00:00,PRC18NN,P500,cvd,LOT1186,114,run
2025-06-07 21:13:00,PRC16NN,P100,diff,LOT1641,285,hold
2025-06-07 22:29:00,PRC18NN,P100,cmp,LOT3668,227,shipped
2025-06-08 02:24:00,PRC18NN,P400,cmp,LOT4996,133,hold
2025-06-08 11:44:00,PRC16NN,P100,endfab,LOT2440,40,hold
2025-06-08 12:49:00,PRC18NN,P100,cmp,LOT8452,271,wait
2025-06-08 17:31:00,PRC02NN,P400,cvd,LOT6192,257,wait
2025-06-08 19:37:00,PRC16NN,P500,cmp,LOT8611,224,run
2025-06-08 20:26:00,PRC16NN,P200,endfab,LOT6117,157,run
2025-06-08 21:57:00,PRC02NN,P500,endfab,LOT9875,139,hold
2025-06-08 22:20:00,PRC27NN,P500,diff,LOT4499,176,hold
2025-06-08 22:25:00,PRC16NN,P400,cmp,LOT4157,164,run
2025-06-09 00:12:00,PRC18NN,P300,cmp,LOT3804,268,wait
2025-06-09 03:41:00,PRC02NN,P300,cvd,LOT5818,117,run
2025-06-09 05:58:00,PRC27NN,P400,diff,LOT3503,28,wait
2025-06-09 09:28:00,PRC02NN,P500,cmp,LOT9016,120,wait
2025-06-09 10:27:00,PRC04NN,P500,thin,LOT7771,242,shipped
2025-06-09 13:34:00,PRC02NN,P300,photo,LOT9125,99,shipped
2025-06-09 17:02:00,PRC18NN,P200,thin,LOT9119,115,run
2025-06-09 18:54:00,PRC16NN,P400,diff,LOT8752,234,run
2025-06-09 19:31:00,PRC18NN,P300,thin,LOT9305,256,hold
2025-06-09 21:41:00,PRC18NN,P500,cvd,LOT3829,269,shipped
2025-06-10 01:15:00,PRC16NN,P200,diff,LOT3992,147,run
2025-06-10 13:52:00,PRC27NN,P500,endfab,LOT9167,223,hold
2025-06-10 20:37:00,PRC16NN,P500,photo,LOT7786,21,wait
2025-06-10 21:49:00,PRC02NN,P200,thin,LOT1762,12,shipped
2025-06-11 02:27:00,PRC27NN,P500,cmp,LOT9719,268,hold
2025-06-11 02:31:00,PRC27NN,P100,cvd,LOT8472,77,shipped
2025-06-11 06:09:00,PRC27NN,P300,photo,LOT6569,83,shipped
2025-06-11 07:53:00,PRC27NN,P400,endfab,LOT5948,285,wait
2025-06-11 18:33:00,PRC16NN,P100,thin,LOT3921,169,wait
2025-06-11 22:38:00,PRC18NN,P200,endfab,LOT3227,160,shipped
2025-06-12 03:36:00,PRC02NN,P500,diff,LOT3243,129,run
2025-06-12 09:57:00,PRC27NN,P100,thin,LOT2546,14,hold
2025-06-12 11:57:00,PRC18NN,P300,cvd,LOT9289,94,wait
2025-06-12 18:50:00,PRC02NN,P300,endfab,LOT2613,29,run
2025-06-13 02:34:00,PRC27NN,P300,photo,LOT4950,292,shipped
2025-06-13 07:57:00,PRC04NN,P100,cvd,LOT8405,93,hold
2025-06-13 15:38:00,PRC27NN,P200,thin,LOT5921,20,shipped
2025-06-13 20:00:00,PRC27NN,P500,cmp,LOT8478,278,shipped
2025-06-14 06:31:00,PRC16NN,P400,photo,LOT1505,202,run
2025-06-14 11:15:00,PRC27NN,P100,cmp,LOT6509,13,shipped
2025-06-14 14:50:00,PRC04NN,P200,cvd,LOT3149,48,run
2025-06-14 15:21:00,PRC02NN,P500,thin,LOT8030,167,shipped
2025-06-14 22:54:00,PRC27NN,P200,endfab,LOT1076,165,wait
2025-06-15 01:12:00,PRC04NN,P300,cmp,LOT8820,74,shipped
2025-06-15 12:33:00,PRC27NN,P200,cmp,LOT8529,153,run
2025-06-15 17:39:00,PRC02NN,P400,cvd,LOT7294,183,wait
2025-06-15 18:10:00,PRC02NN,P200,cmp,LOT9539,48,shipped
2025-06-15 21:30:00,PRC16NN,P500,thin,LOT3719,152,run
2025-06-15 21:43:00,PRC04NN,P300,endfab,LOT3630,148,hold
2025-06-16 00:22:00,PRC02NN,P200,photo,LOT7275,271,shipped
2025-06-16 09:48:00,PRC02NN,P500,photo,LOT1406,254,hold
2025-06-16 09:52:00,PRC04NN,P100,diff,LOT1769,64,hold
2025-06-16 15:44:00,PRC02NN,P100,cmp,LOT1759,127,hold
2025-06-16 17:09:00,PRC04NN,P500,endfab,LOT5037,284,hold
2025-06-16 20:04:00,PRC02NN,P100,thin,LOT6904,222,shipped
2025-06-17 00:28:00,PRC02NN,P400,diff,LOT3160,251,shipped
2025-06-17 04:04:00,PRC16NN,P100,cvd,LOT6379,39,wait
2025-06-17 08:52:00,PRC04NN,P200,diff,LOT2330,51,shipped
2025-06-17 14:19:00,PRC04NN,P400,diff,LOT1709,149,shipped
2025-06-18 00:16:00,PRC16NN,P100,endfab,LOT6263,257,hold
2025-06-18 00:29:00,PRC27NN,P300,endfab,LOT9570,105,hold
2025-06-18 01:07:00,PRC18NN,P200,cmp,LOT6275,95,hold
2025-06-18 14:37:00,PRC18NN,P500,photo,LOT4876,188,shipped
2025-06-18 22:38:00,PRC04NN,P200,endfab,LOT7241,51,wait
2025-06-19 00:44:00,PRC02NN,P300,photo,LOT5150,133,hold
2025-06-19 03:27:00,PRC02NN,P100,cvd,LOT1091,31,run
2025-06-19 03:56:00,PRC27NN,P200,endfab,LOT4002,146,hold
2025-06-19 05:10:00,PRC02NN,P300,photo,LOT6164,120,wait
2025-06-19 18:01:00,PRC27NN,P300,thin,LOT5260,99,hold
2025-06-19 23:38:00,PRC27NN,P200,cmp,LOT3118,10,wait
2025-06-20 07:15:00,PRC02NN,P100,thin,LOT4355,157,run
2025-06-20 10:22:00,PRC18NN,P300,diff,LOT2808,245,hold
2025-06-20 12:05:00,PRC02NN,P200,endfab,LOT1285,132,shipped
2025-06-20 14:44:00,PRC04NN,P300,photo,LOT3783,20,wait
2025-06-20 20:22:00,PRC18NN,P300,cvd,LOT8376,161,hold
2025-06-20 20:51:00,PRC04NN,P300,cmp,LOT3811,272,wait
2025-06-20 23:55:00,PRC02NN,P400,photo,LOT1020,287,shipped
2025-06-21 02:25:00,PRC04NN,P300,diff,LOT6311,143,run
2025-06-22 02:19:00,PRC16NN,P400,thin,LOT5930,166,run
2025-06-22 09:51:00,PRC04NN,P400,cmp,LOT5480,269,hold
2025-06-22 11:39:00,PRC02NN,P100,endfab,LOT6394,190,wait
2025-06-22 16:14:00,PRC18NN,P400,cvd,LOT8338,158,shipped
2025-06-22 22:41:00,PRC16NN,P200,cvd,LOT7883,104,shipped
2025-06-22 23:42:00,PRC27NN,P400,endfab,LOT6454,118,hold
2025-06-23 03:54:00,PRC18NN,P300,cvd,LOT1776,92,run
2025-06-23 07:31:00,PRC18NN,P400,endfab,LOT4394,108,hold
2025-06-23 17:34:00,PRC16NN,P400,endfab,LOT1658,262,shipped
2025-06-23 23:46:00,PRC16NN,P500,endfab,LOT4906,45,wait
2025-06-24 20:03:00,PRC02NN,P100,diff,LOT6174,151,shipped
2025-06-25 09:13:00,PRC04NN,P200,cvd,LOT8375,159,hold
2025-06-25 20:28:00,PRC02NN,P100,cvd,LOT6753,174,wait
2025-06-26 07:32:00,PRC02NN,P200,diff,LOT3159,290,wait
2025-06-26 08:27:00,PRC18NN,P100,photo,LOT2227,171,shipped
2025-06-26 10:57:00,PRC16NN,P100,diff,LOT5015,85,shipped
2025-06-26 16:41:00,PRC02NN,P300,cvd,LOT7354,89,shipped
2025-06-26 19:49:00,PRC16NN,P300,endfab,LOT2145,285,run
2025-06-26 20:45:00,PRC27NN,P100,photo,LOT8454,214,wait
2025-06-27 03:32:00,PRC02NN,P100,thin,LOT2337,232,hold
2025-06-27 06:18:00,PRC27NN,P300,endfab,LOT9334,228,wait
2025-06-27 07:42:00,PRC02NN,P400,cmp,LOT4644,159,shipped
2025-06-27 10:06:00,PRC27NN,P200,cmp,LOT2650,234,hold
2025-06-27 11:32:00,PRC04NN,P500,thin,LOT4518,291,hold
2025-06-27 18:25:00,PRC18NN,P500,thin,LOT3639,92,run
2025-06-27 19:28:00,PRC18NN,P300,cmp,LOT1892,59,run
2025-06-27 21:08:00,PRC02NN,P500,cvd,LOT7193,39,wait
2025-06-28 00:36:00,PRC18NN,P400,cmp,LOT3863,155,wait
2025-06-28 04:12:00,PRC27NN,P200,cmp,LOT9549,180,shipped
2025-06-28 06:28:00,PRC18NN,P100,cvd,LOT3575,251,wait
2025-06-28 08:25:00,PRC04NN,P200,photo,LOT7392,214,hold
2025-06-28 11:13:00,PRC02NN,P400,diff,LOT9508,258,hold
2025-06-28 11:31:00,PRC18NN,P500,endfab,LOT3780,174,hold
2025-06-28 15:13:00,PRC16NN,P200,cvd,LOT4960,296,hold
2025-06-29 00:25:00,PRC02NN,P100,diff,LOT7331,134,run
2025-06-29 01:04:00,PRC18NN,P400,endfab,LOT4549,42,run
2025-06-29 04:47:00,PRC04NN,P100,cmp,LOT3025,197,hold
2025-06-29 11:06:00,PRC18NN,P400,cmp,LOT6094,74,wait
2025-06-29 11:09:00,PRC02NN,P500,diff,LOT1296,187,wait
2025-06-29 15:51:00,PRC02NN,P200,diff,LOT4403,25,hold
2025-06-29 20:45:00,PRC04NN,P300,diff,LOT6715,123,wait
